what,kind,bundleId,bundleVersion,description,time
started,bundle,org.eclipse.jst.ws.jaxws.dom.integration,1.0.0.v201004171919,"org.eclipse.jst.ws.jaxws.dom.integration",1432706359347
started,bundle,org.eclipse.jst.ws.jaxws.dom.ui,1.0.0.v201004171919,"org.eclipse.jst.ws.jaxws.dom.ui",1432706359352
started,bundle,org.eclipse.jst.j2ee.ejb,1.1.402.v201102071010,"org.eclipse.jst.j2ee.ejb",1432706359493
started,bundle,org.eclipse.jst.j2ee.jca,1.1.400.v201005270700,"org.eclipse.jst.j2ee.jca",1432706359517
started,bundle,org.eclipse.jst.jee.ejb,1.0.301.v201007070821,"org.eclipse.jst.jee.ejb",1432706359538
started,bundle,org.eclipse.jst.jee.web,1.0.301.v201007070907,"org.eclipse.jst.jee.web",1432706359544
started,bundle,org.eclipse.xsd,2.6.0.v20100914-1218,"org.eclipse.xsd",1432706359662
started,bundle,org.eclipse.compare,3.5.101.R36x_v20100929-0800,"org.eclipse.compare",1432706564684
deactivated,workbench,org.eclipse.ui.workbench,3.6.2.M20110210-1200,"",1432706567837
activated,workbench,org.eclipse.ui.workbench,3.6.2.M20110210-1200,"",1432706580164
deactivated,workbench,org.eclipse.ui.workbench,3.6.2.M20110210-1200,"",1432706599782
started,bundle,org.eclipse.wst.xml.ui,1.1.103.v201101122108,"org.eclipse.wst.xml.ui",1432706601654
started,bundle,org.eclipse.wst.common.uriresolver,1.1.401.v201004280700,"org.eclipse.wst.common.uriresolver",1432706602483
started,bundle,org.eclipse.jst.jsp.ui,1.1.503.v201101262228,"org.eclipse.jst.jsp.ui",1432706602743
started,bundle,org.eclipse.wst.dtd.ui,1.0.500.v201004290328,"org.eclipse.wst.dtd.ui",1432706602794
error,log,,,"Problems occurred when invoking code from plug-in: ""org.eclipse.ui.navigator"".",1432706610113
error,log,,,"An exception occurred invoking extension: org.eclipse.jst.jee.ui.web for object P/Lab26",1432706610114
error,log,,,"Problems occurred when invoking code from plug-in: ""org.eclipse.ui.navigator"".",1432706610118
error,log,,,"An exception occurred invoking extension: org.eclipse.jst.jee.ui.web for object P/Lab26",1432706610119
started,bundle,org.eclipse.debug.ui,3.6.3.v20101201_r362,"org.eclipse.debug.ui",1432706610532
started,bundle,org.eclipse.wst.xsl.ui,1.1.1.v201009091745,"org.eclipse.wst.xsl.ui",1432706610986
opened,editor,org.eclipse.wst.xml.ui,1.1.103.v201101122108,"org.eclipse.wst.xml.ui.internal.tabletree.XMLMultiPageEditorPart",1432706611028
activated,editor,org.eclipse.wst.xml.ui,1.1.103.v201101122108,"org.eclipse.wst.xml.ui.internal.tabletree.XMLMultiPageEditorPart",1432706611525
activated,workbench,org.eclipse.ui.workbench,3.6.2.M20110210-1200,"",1432706611633
executed,command,org.eclipse.ui,3.6.2.M20110203-1100,"org.eclipse.ui.newWizard",1432706611700
activated,view,org.eclipse.ui.navigator.resources,3.4.202.M20101124-0800,"org.eclipse.ui.navigator.ProjectExplorer",1432706621676
deactivated,workbench,org.eclipse.ui.workbench,3.6.2.M20110210-1200,"",1432707755212
activated,workbench,org.eclipse.ui.workbench,3.6.2.M20110210-1200,"",1432707761520
deactivated,workbench,org.eclipse.ui.workbench,3.6.2.M20110210-1200,"",1432709850185
activated,workbench,org.eclipse.ui.workbench,3.6.2.M20110210-1200,"",1432709850399
deactivated,workbench,org.eclipse.ui.workbench,3.6.2.M20110210-1200,"",1432709854250
activated,workbench,org.eclipse.ui.workbench,3.6.2.M20110210-1200,"",1432709856216
activated,editor,org.eclipse.wst.xml.ui,1.1.103.v201101122108,"org.eclipse.wst.xml.ui.internal.tabletree.XMLMultiPageEditorPart",1432709856253
deactivated,workbench,org.eclipse.ui.workbench,3.6.2.M20110210-1200,"",1432710352133
activated,workbench,org.eclipse.ui.workbench,3.6.2.M20110210-1200,"",1432710779265
activated,view,org.eclipse.ui.navigator.resources,3.4.202.M20101124-0800,"org.eclipse.ui.navigator.ProjectExplorer",1432710782769
opened,editor,org.eclipse.wst.xml.ui,1.1.103.v201101122108,"org.eclipse.wst.xml.ui.internal.tabletree.XMLMultiPageEditorPart",1432710790668
started,bundle,org.eclipse.wst.xsl.exslt.core,1.0.0.v201005240426,"org.eclipse.wst.xsl.exslt.core",1432710790691
activated,editor,org.eclipse.wst.xml.ui,1.1.103.v201101122108,"org.eclipse.wst.xml.ui.internal.tabletree.XMLMultiPageEditorPart",1432710790728
started,bundle,org.eclipse.wst.internet.cache,1.0.400.v201004280700,"org.eclipse.wst.internet.cache",1432710790797
executed,command,org.eclipse.ui,3.6.2.M20110203-1100,"org.eclipse.ui.file.save",1432710815594
activated,view,org.eclipse.ui.navigator.resources,3.4.202.M20101124-0800,"org.eclipse.ui.navigator.ProjectExplorer",1432710818119
started,bundle,org.eclipse.wst.ws.service.policy.ui,1.0.202.v201004211732,"org.eclipse.wst.ws.service.policy.ui",1432710818282
started,bundle,org.eclipse.wst.ws.service.policy,1.0.204.v201011011834,"org.eclipse.wst.ws.service.policy",1432710818304
started,bundle,org.eclipse.wst.command.env,1.0.409.v201004211805,"org.eclipse.wst.command.env",1432710818349
started,bundle,org.eclipse.wst.ws,1.1.203.v201004211805,"org.eclipse.wst.ws",1432710818367
deactivated,workbench,org.eclipse.ui.workbench,3.6.2.M20110210-1200,"",1432710821636
started,bundle,org.eclipse.jst.server.generic.core,1.0.606.v20100512,"org.eclipse.jst.server.generic.core",1432710821892
started,bundle,org.eclipse.jst.server.preview.adapter,1.1.100.v20100308,"org.eclipse.jst.server.preview.adapter",1432710821901
activated,workbench,org.eclipse.ui.workbench,3.6.2.M20110210-1200,"",1432710824549
executed,command,org.eclipse.wst.server.ui,1.1.207.v20110119,"org.eclipse.wst.server.launchShortcut.run",1432710824627
started,bundle,org.eclipse.jst.server.tomcat.ui,1.1.200.v20100418,"org.eclipse.jst.server.tomcat.ui",1432710824672
opened,view,org.eclipse.wst.server.ui,1.1.207.v20110119,"org.eclipse.wst.server.ui.ServersView",1432710824918
started,bundle,org.eclipse.jdt.debug,3.6.1.v20100715_r361,"org.eclipse.jdt.debug",1432710825062
started,bundle,org.eclipse.jdt.debug.ui,3.5.2.v20100928a_r362,"org.eclipse.jdt.debug.ui",1432710825646
started,bundle,org.eclipse.ui.browser,3.3.1.r36_20101216,"org.eclipse.ui.browser",1432710827642
opened,editor,org.eclipse.ui.browser,3.3.1.r36_20101216,"org.eclipse.ui.browser.editor",1432710828541
activated,editor,org.eclipse.ui.browser,3.3.1.r36_20101216,"org.eclipse.ui.browser.editor",1432710828622
activated,editor,org.eclipse.wst.xml.ui,1.1.103.v201101122108,"org.eclipse.wst.xml.ui.internal.tabletree.XMLMultiPageEditorPart",1432710833908
closed,editor,org.eclipse.ui.browser,3.3.1.r36_20101216,"org.eclipse.ui.browser.editor",1432710833908
activated,editor,org.eclipse.wst.xml.ui,1.1.103.v201101122108,"org.eclipse.wst.xml.ui.internal.tabletree.XMLMultiPageEditorPart",1432710836498
closed,editor,org.eclipse.wst.xml.ui,1.1.103.v201101122108,"org.eclipse.wst.xml.ui.internal.tabletree.XMLMultiPageEditorPart",1432710836498
activated,view,org.eclipse.ui.navigator.resources,3.4.202.M20101124-0800,"org.eclipse.ui.navigator.ProjectExplorer",1432710838771
deactivated,workbench,org.eclipse.ui.workbench,3.6.2.M20110210-1200,"",1432710849950
activated,workbench,org.eclipse.ui.workbench,3.6.2.M20110210-1200,"",1432710852372
executed,command,org.eclipse.wst.server.ui,1.1.207.v20110119,"org.eclipse.wst.server.launchShortcut.run",1432710852451
opened,editor,org.eclipse.ui.browser,3.3.1.r36_20101216,"org.eclipse.ui.browser.editor",1432710852931
activated,editor,org.eclipse.ui.browser,3.3.1.r36_20101216,"org.eclipse.ui.browser.editor",1432710852985
activated,editor,org.eclipse.wst.xml.ui,1.1.103.v201101122108,"org.eclipse.wst.xml.ui.internal.tabletree.XMLMultiPageEditorPart",1432710856049
closed,editor,org.eclipse.ui.browser,3.3.1.r36_20101216,"org.eclipse.ui.browser.editor",1432710856049
activated,view,org.eclipse.ui.navigator.resources,3.4.202.M20101124-0800,"org.eclipse.ui.navigator.ProjectExplorer",1432710857648
deactivated,workbench,org.eclipse.ui.workbench,3.6.2.M20110210-1200,"",1432710881914
activated,workbench,org.eclipse.ui.workbench,3.6.2.M20110210-1200,"",1432710902307
deactivated,workbench,org.eclipse.ui.workbench,3.6.2.M20110210-1200,"",1432710976564
activated,workbench,org.eclipse.ui.workbench,3.6.2.M20110210-1200,"",1432710999526
deactivated,workbench,org.eclipse.ui.workbench,3.6.2.M20110210-1200,"",1432711011395
activated,workbench,org.eclipse.ui.workbench,3.6.2.M20110210-1200,"",1432711022852
executed,command,org.eclipse.ui,3.6.2.M20110203-1100,"org.eclipse.ui.navigate.collapseAll",1432711030701
deactivated,workbench,org.eclipse.ui.workbench,3.6.2.M20110210-1200,"",1432711067843
error,log,,,"Problems occurred when invoking code from plug-in: ""org.eclipse.ui.navigator"".",1432711077419
error,log,,,"An exception occurred invoking extension: org.eclipse.jst.jee.ui.web for object P/Lab19",1432711077419
error,log,,,"Problems occurred when invoking code from plug-in: ""org.eclipse.ui.navigator"".",1432711077423
error,log,,,"An exception occurred invoking extension: org.eclipse.jst.jee.ui.web for object P/Lab19",1432711077423
opened,editor,org.eclipse.wst.xml.ui,1.1.103.v201101122108,"org.eclipse.wst.xml.ui.internal.tabletree.XMLMultiPageEditorPart",1432711077917
activated,editor,org.eclipse.wst.xml.ui,1.1.103.v201101122108,"org.eclipse.wst.xml.ui.internal.tabletree.XMLMultiPageEditorPart",1432711077950
activated,workbench,org.eclipse.ui.workbench,3.6.2.M20110210-1200,"",1432711077976
executed,command,org.eclipse.ui,3.6.2.M20110203-1100,"org.eclipse.ui.newWizard",1432711078021
closed,editor,org.eclipse.wst.xml.ui,1.1.103.v201101122108,"org.eclipse.wst.xml.ui.internal.tabletree.XMLMultiPageEditorPart",1432711081833
activated,view,org.eclipse.ui.navigator.resources,3.4.202.M20101124-0800,"org.eclipse.ui.navigator.ProjectExplorer",1432711083990
opened,editor,org.eclipse.wst.xml.ui,1.1.103.v201101122108,"org.eclipse.wst.xml.ui.internal.tabletree.XMLMultiPageEditorPart",1432711089500
activated,editor,org.eclipse.wst.xml.ui,1.1.103.v201101122108,"org.eclipse.wst.xml.ui.internal.tabletree.XMLMultiPageEditorPart",1432711089569
executed,command,org.eclipse.ui,3.6.2.M20110203-1100,"org.eclipse.ui.edit.selectAll",1432711091153
executed,command,org.eclipse.ui,3.6.2.M20110203-1100,"org.eclipse.ui.edit.copy",1432711093043
activated,editor,org.eclipse.wst.xml.ui,1.1.103.v201101122108,"org.eclipse.wst.xml.ui.internal.tabletree.XMLMultiPageEditorPart",1432711094536
closed,editor,org.eclipse.wst.xml.ui,1.1.103.v201101122108,"org.eclipse.wst.xml.ui.internal.tabletree.XMLMultiPageEditorPart",1432711094536
executed,command,org.eclipse.ui,3.6.2.M20110203-1100,"org.eclipse.ui.edit.paste",1432711100656
executed,command,org.eclipse.ui,3.6.2.M20110203-1100,"org.eclipse.ui.edit.selectAll",1432711102419
executed,command,org.eclipse.ui,3.6.2.M20110203-1100,"org.eclipse.ui.edit.cut",1432711104706
executed,command,org.eclipse.ui,3.6.2.M20110203-1100,"org.eclipse.ui.edit.paste",1432711106764
activated,view,org.eclipse.ui.navigator.resources,3.4.202.M20101124-0800,"org.eclipse.ui.navigator.ProjectExplorer",1432711115151
started,bundle,org.eclipse.wst.html.core,1.1.404.v201101190004,"org.eclipse.wst.html.core",1432711127359
started,bundle,org.eclipse.wst.css.core,1.1.402.v201102031915,"org.eclipse.wst.css.core",1432711127763
started,bundle,org.eclipse.jst.jsf.facelet.ui,1.0.0.v20100602,"org.eclipse.jst.jsf.facelet.ui",1432711127804
started,bundle,org.eclipse.jst.jsf.ui,1.3.1.v20100906,"org.eclipse.jst.jsf.ui",1432711127838
started,bundle,org.eclipse.wst.jsdt.web.ui,1.0.304.v201012160349,"org.eclipse.wst.jsdt.web.ui",1432711127848
started,bundle,org.eclipse.wst.css.ui,1.0.502.v201101122002,"org.eclipse.wst.css.ui",1432711127865
started,bundle,org.eclipse.wst.jsdt.web.core,1.0.304.v201102160550,"org.eclipse.wst.jsdt.web.core",1432711127930
deactivated,workbench,org.eclipse.ui.workbench,3.6.2.M20110210-1200,"",1432711128071
activated,workbench,org.eclipse.ui.workbench,3.6.2.M20110210-1200,"",1432711133481
opened,editor,org.eclipse.wst.html.ui,1.0.504.v201101122108,"org.eclipse.wst.html.core.htmlsource.source",1432711133866
activated,editor,org.eclipse.wst.html.ui,1.0.504.v201101122108,"org.eclipse.wst.html.core.htmlsource.source",1432711133940
activated,view,org.eclipse.ui.navigator.resources,3.4.202.M20101124-0800,"org.eclipse.ui.navigator.ProjectExplorer",1432711140819
activated,editor,org.eclipse.wst.html.ui,1.0.504.v201101122108,"org.eclipse.wst.html.core.htmlsource.source",1432711141831
activated,view,org.eclipse.ui.navigator.resources,3.4.202.M20101124-0800,"org.eclipse.ui.navigator.ProjectExplorer",1432711143036
deactivated,workbench,org.eclipse.ui.workbench,3.6.2.M20110210-1200,"",1432711146447
activated,workbench,org.eclipse.ui.workbench,3.6.2.M20110210-1200,"",1432711164690
opened,editor,org.eclipse.jdt.ui,3.6.2.r362_v20110203,"org.eclipse.jdt.ui.CompilationUnitEditor",1432711165140
activated,editor,org.eclipse.jdt.ui,3.6.2.r362_v20110203,"org.eclipse.jdt.ui.CompilationUnitEditor",1432711165235
activated,view,org.eclipse.ui.navigator.resources,3.4.202.M20101124-0800,"org.eclipse.ui.navigator.ProjectExplorer",1432711169644
deactivated,workbench,org.eclipse.ui.workbench,3.6.2.M20110210-1200,"",1432711172815
activated,workbench,org.eclipse.ui.workbench,3.6.2.M20110210-1200,"",1432711201365
opened,editor,org.eclipse.jdt.ui,3.6.2.r362_v20110203,"org.eclipse.jdt.ui.CompilationUnitEditor",1432711201769
activated,editor,org.eclipse.jdt.ui,3.6.2.r362_v20110203,"org.eclipse.jdt.ui.CompilationUnitEditor",1432711201877
activated,view,org.eclipse.ui.navigator.resources,3.4.202.M20101124-0800,"org.eclipse.ui.navigator.ProjectExplorer",1432711207460
deactivated,workbench,org.eclipse.ui.workbench,3.6.2.M20110210-1200,"",1432711210031
activated,workbench,org.eclipse.ui.workbench,3.6.2.M20110210-1200,"",1432711223317
opened,editor,org.eclipse.jdt.ui,3.6.2.r362_v20110203,"org.eclipse.jdt.ui.CompilationUnitEditor",1432711223718
activated,editor,org.eclipse.jdt.ui,3.6.2.r362_v20110203,"org.eclipse.jdt.ui.CompilationUnitEditor",1432711223792
activated,view,org.eclipse.ui.navigator.resources,3.4.202.M20101124-0800,"org.eclipse.ui.navigator.ProjectExplorer",1432711226815
deactivated,workbench,org.eclipse.ui.workbench,3.6.2.M20110210-1200,"",1432711229530
activated,workbench,org.eclipse.ui.workbench,3.6.2.M20110210-1200,"",1432711240923
opened,editor,org.eclipse.jdt.ui,3.6.2.r362_v20110203,"org.eclipse.jdt.ui.CompilationUnitEditor",1432711241327
activated,editor,org.eclipse.jdt.ui,3.6.2.r362_v20110203,"org.eclipse.jdt.ui.CompilationUnitEditor",1432711241399
activated,view,org.eclipse.ui.navigator.resources,3.4.202.M20101124-0800,"org.eclipse.ui.navigator.ProjectExplorer",1432711248807
deactivated,workbench,org.eclipse.ui.workbench,3.6.2.M20110210-1200,"",1432711252039
activated,workbench,org.eclipse.ui.workbench,3.6.2.M20110210-1200,"",1432711267655
opened,editor,org.eclipse.jdt.ui,3.6.2.r362_v20110203,"org.eclipse.jdt.ui.CompilationUnitEditor",1432711268058
activated,editor,org.eclipse.jdt.ui,3.6.2.r362_v20110203,"org.eclipse.jdt.ui.CompilationUnitEditor",1432711268144
activated,editor,org.eclipse.wst.html.ui,1.0.504.v201101122108,"org.eclipse.wst.html.core.htmlsource.source",1432711448672
activated,editor,org.eclipse.jdt.ui,3.6.2.r362_v20110203,"org.eclipse.jdt.ui.CompilationUnitEditor",1432711455418
activated,view,org.eclipse.ui.navigator.resources,3.4.202.M20101124-0800,"org.eclipse.ui.navigator.ProjectExplorer",1432712028593
deactivated,workbench,org.eclipse.ui.workbench,3.6.2.M20110210-1200,"",1432712043254
activated,workbench,org.eclipse.ui.workbench,3.6.2.M20110210-1200,"",1432712046885
executed,command,org.eclipse.wst.server.ui,1.1.207.v20110119,"org.eclipse.wst.server.launchShortcut.run",1432712046892
activated,editor,org.eclipse.jdt.ui,3.6.2.r362_v20110203,"org.eclipse.jdt.ui.CompilationUnitEditor",1432712052920
started,bundle,org.eclipse.pde.launching,3.6.0.v20100601,"org.eclipse.pde.launching",1432712061413
started,bundle,org.eclipse.ui.views.log,1.0.100.v20110210_r362,"org.eclipse.ui.views.log",1432712061415
started,bundle,org.eclipse.pde.ui,3.6.1.v20110210_r362,"org.eclipse.pde.ui",1432712061418
deactivated,workbench,org.eclipse.ui.workbench,3.6.2.M20110210-1200,"",1432712073199
activated,workbench,org.eclipse.ui.workbench,3.6.2.M20110210-1200,"",1432712073319
started,bundle,org.eclipse.mylyn.ide.ui,3.4.0.v20100608-0100-e3x,"org.eclipse.mylyn.ide.ui",1432712088663
started,bundle,org.eclipse.jst.ws.jaxws.ui,1.0.1.v201008232129,"org.eclipse.jst.ws.jaxws.ui",1432712088673
started,bundle,org.eclipse.mylyn.java.ui,3.4.0.v20100608-0100-e3x,"org.eclipse.mylyn.java.ui",1432712088679
started,bundle,org.eclipse.pde.api.tools,1.0.202.v20100820_r361,"org.eclipse.pde.api.tools",1432712088711
started,bundle,org.eclipse.pde.api.tools.ui,1.0.201.v20100820_r361,"org.eclipse.pde.api.tools.ui",1432712088713
executed,command,org.eclipse.ui,3.6.2.M20110203-1100,"org.eclipse.ui.edit.text.contentAssist.proposals",1432712202494
executed,command,org.eclipse.ui,3.6.2.M20110203-1100,"org.eclipse.ui.edit.text.contentAssist.proposals",1432712250198
deactivated,workbench,org.eclipse.ui.workbench,3.6.2.M20110210-1200,"",1432712354991
activated,workbench,org.eclipse.ui.workbench,3.6.2.M20110210-1200,"",1432712479991
executed,command,org.eclipse.ui,3.6.2.M20110203-1100,"org.eclipse.ui.edit.text.contentAssist.proposals",1432712535834
executed,command,org.eclipse.ui,3.6.2.M20110203-1100,"org.eclipse.ui.edit.text.contentAssist.proposals",1432712727551
executed,command,org.eclipse.ui,3.6.2.M20110203-1100,"org.eclipse.ui.edit.text.contentAssist.proposals",1432712853666
executed,command,org.eclipse.ui,3.6.2.M20110203-1100,"org.eclipse.ui.edit.text.contentAssist.proposals",1432712893220
activated,editor,org.eclipse.jdt.ui,3.6.2.r362_v20110203,"org.eclipse.jdt.ui.CompilationUnitEditor",1432712988233
activated,editor,org.eclipse.jdt.ui,3.6.2.r362_v20110203,"org.eclipse.jdt.ui.CompilationUnitEditor",1432713001790
deactivated,workbench,org.eclipse.ui.workbench,3.6.2.M20110210-1200,"",1432713046412
activated,workbench,org.eclipse.ui.workbench,3.6.2.M20110210-1200,"",1432713046491
executed,command,org.eclipse.ui,3.6.2.M20110203-1100,"org.eclipse.ui.edit.copy",1432713103762
executed,command,org.eclipse.ui,3.6.2.M20110203-1100,"org.eclipse.ui.edit.paste",1432713110453
executed,command,org.eclipse.ui,3.6.2.M20110203-1100,"org.eclipse.ui.edit.text.contentAssist.proposals",1432713161884
executed,command,org.eclipse.ui,3.6.2.M20110203-1100,"org.eclipse.ui.edit.text.contentAssist.proposals",1432713473333
executed,command,org.eclipse.ui,3.6.2.M20110203-1100,"org.eclipse.ui.edit.text.contentAssist.proposals",1432713793946
activated,editor,org.eclipse.jdt.ui,3.6.2.r362_v20110203,"org.eclipse.jdt.ui.CompilationUnitEditor",1432713847887
activated,editor,org.eclipse.jdt.ui,3.6.2.r362_v20110203,"org.eclipse.jdt.ui.CompilationUnitEditor",1432713852516
activated,editor,org.eclipse.jdt.ui,3.6.2.r362_v20110203,"org.eclipse.jdt.ui.CompilationUnitEditor",1432713854173
activated,editor,org.eclipse.jdt.ui,3.6.2.r362_v20110203,"org.eclipse.jdt.ui.CompilationUnitEditor",1432713855332
activated,editor,org.eclipse.jdt.ui,3.6.2.r362_v20110203,"org.eclipse.jdt.ui.CompilationUnitEditor",1432713856979
activated,editor,org.eclipse.jdt.ui,3.6.2.r362_v20110203,"org.eclipse.jdt.ui.CompilationUnitEditor",1432713859184
activated,editor,org.eclipse.jdt.ui,3.6.2.r362_v20110203,"org.eclipse.jdt.ui.CompilationUnitEditor",1432713872676
activated,editor,org.eclipse.jdt.ui,3.6.2.r362_v20110203,"org.eclipse.jdt.ui.CompilationUnitEditor",1432713900302
deactivated,workbench,org.eclipse.ui.workbench,3.6.2.M20110210-1200,"",1432713909031
activated,workbench,org.eclipse.ui.workbench,3.6.2.M20110210-1200,"",1432714340008
deactivated,workbench,org.eclipse.ui.workbench,3.6.2.M20110210-1200,"",1432714342174
activated,workbench,org.eclipse.ui.workbench,3.6.2.M20110210-1200,"",1432714343149
activated,editor,org.eclipse.wst.xml.ui,1.1.103.v201101122108,"org.eclipse.wst.xml.ui.internal.tabletree.XMLMultiPageEditorPart",1432714343244
activated,editor,org.eclipse.jdt.ui,3.6.2.r362_v20110203,"org.eclipse.jdt.ui.CompilationUnitEditor",1432714559435
activated,editor,org.eclipse.jdt.ui,3.6.2.r362_v20110203,"org.eclipse.jdt.ui.CompilationUnitEditor",1432714561579
deactivated,workbench,org.eclipse.ui.workbench,3.6.2.M20110210-1200,"",1432714614132
activated,workbench,org.eclipse.ui.workbench,3.6.2.M20110210-1200,"",1432714614221
executed,command,org.eclipse.ui,3.6.2.M20110203-1100,"org.eclipse.ui.edit.copy",1432714649645
executed,command,org.eclipse.ui,3.6.2.M20110203-1100,"org.eclipse.ui.edit.paste",1432714654055
executed,command,org.eclipse.ui,3.6.2.M20110203-1100,"org.eclipse.ui.edit.text.contentAssist.proposals",1432714663865
executed,command,org.eclipse.ui,3.6.2.M20110203-1100,"org.eclipse.ui.edit.paste",1432714670255
executed,command,org.eclipse.ui,3.6.2.M20110203-1100,"org.eclipse.ui.edit.text.contentAssist.proposals",1432714802057
executed,command,org.eclipse.ui,3.6.2.M20110203-1100,"org.eclipse.ui.edit.copy",1432714885952
executed,command,org.eclipse.ui,3.6.2.M20110203-1100,"org.eclipse.ui.edit.paste",1432714889887
executed,command,org.eclipse.ui,3.6.2.M20110203-1100,"org.eclipse.ui.edit.copy",1432714928301
executed,command,org.eclipse.ui,3.6.2.M20110203-1100,"org.eclipse.ui.edit.paste",1432714930770
executed,command,org.eclipse.ui,3.6.2.M20110203-1100,"org.eclipse.ui.edit.copy",1432714948765
executed,command,org.eclipse.ui,3.6.2.M20110203-1100,"org.eclipse.ui.edit.paste",1432714951262
activated,editor,org.eclipse.jdt.ui,3.6.2.r362_v20110203,"org.eclipse.jdt.ui.CompilationUnitEditor",1432714991816
activated,editor,org.eclipse.jdt.ui,3.6.2.r362_v20110203,"org.eclipse.jdt.ui.CompilationUnitEditor",1432714993067
activated,editor,org.eclipse.jdt.ui,3.6.2.r362_v20110203,"org.eclipse.jdt.ui.CompilationUnitEditor",1432714994399
activated,editor,org.eclipse.jdt.ui,3.6.2.r362_v20110203,"org.eclipse.jdt.ui.CompilationUnitEditor",1432714995736
activated,editor,org.eclipse.jdt.ui,3.6.2.r362_v20110203,"org.eclipse.jdt.ui.CompilationUnitEditor",1432715055670
activated,editor,org.eclipse.jdt.ui,3.6.2.r362_v20110203,"org.eclipse.jdt.ui.CompilationUnitEditor",1432715063748
deactivated,workbench,org.eclipse.ui.workbench,3.6.2.M20110210-1200,"",1432715094973
activated,workbench,org.eclipse.ui.workbench,3.6.2.M20110210-1200,"",1432715095093
executed,command,org.eclipse.ui,3.6.2.M20110203-1100,"org.eclipse.ui.edit.copy",1432715108315
executed,command,org.eclipse.ui,3.6.2.M20110203-1100,"org.eclipse.ui.edit.paste",1432715117741
executed,command,org.eclipse.ui,3.6.2.M20110203-1100,"org.eclipse.ui.edit.text.contentAssist.proposals",1432715124671
executed,command,org.eclipse.ui,3.6.2.M20110203-1100,"org.eclipse.ui.edit.paste",1432715130293
executed,command,org.eclipse.ui,3.6.2.M20110203-1100,"org.eclipse.ui.edit.text.contentAssist.proposals",1432715191969
executed,command,org.eclipse.ui,3.6.2.M20110203-1100,"org.eclipse.ui.edit.copy",1432715233811
executed,command,org.eclipse.ui,3.6.2.M20110203-1100,"org.eclipse.ui.edit.paste",1432715236671
activated,editor,org.eclipse.jdt.ui,3.6.2.r362_v20110203,"org.eclipse.jdt.ui.CompilationUnitEditor",1432715304627
activated,editor,org.eclipse.jdt.ui,3.6.2.r362_v20110203,"org.eclipse.jdt.ui.CompilationUnitEditor",1432715306143
activated,editor,org.eclipse.jdt.ui,3.6.2.r362_v20110203,"org.eclipse.jdt.ui.CompilationUnitEditor",1432715307115
executed,command,org.eclipse.ui,3.6.2.M20110203-1100,"org.eclipse.ui.edit.copy",1432715328043
activated,editor,org.eclipse.jdt.ui,3.6.2.r362_v20110203,"org.eclipse.jdt.ui.CompilationUnitEditor",1432715329487
executed,command,org.eclipse.ui,3.6.2.M20110203-1100,"org.eclipse.ui.edit.paste",1432715342693
activated,editor,org.eclipse.jdt.ui,3.6.2.r362_v20110203,"org.eclipse.jdt.ui.CompilationUnitEditor",1432715383769
activated,editor,org.eclipse.jdt.ui,3.6.2.r362_v20110203,"org.eclipse.jdt.ui.CompilationUnitEditor",1432715405751
activated,editor,org.eclipse.jdt.ui,3.6.2.r362_v20110203,"org.eclipse.jdt.ui.CompilationUnitEditor",1432715483042
deactivated,workbench,org.eclipse.ui.workbench,3.6.2.M20110210-1200,"",1432715564363
activated,workbench,org.eclipse.ui.workbench,3.6.2.M20110210-1200,"",1432715564465
deactivated,workbench,org.eclipse.ui.workbench,3.6.2.M20110210-1200,"",1432715813156
activated,workbench,org.eclipse.ui.workbench,3.6.2.M20110210-1200,"",1432715813258
activated,editor,org.eclipse.wst.xml.ui,1.1.103.v201101122108,"org.eclipse.wst.xml.ui.internal.tabletree.XMLMultiPageEditorPart",1432715821329
activated,editor,org.eclipse.jdt.ui,3.6.2.r362_v20110203,"org.eclipse.jdt.ui.CompilationUnitEditor",1432715822876
activated,view,org.eclipse.ui.navigator.resources,3.4.202.M20101124-0800,"org.eclipse.ui.navigator.ProjectExplorer",1432715824554
started,bundle,org.eclipse.mylyn.resources.ui,3.4.1.v20100909-0100-e3x,"org.eclipse.mylyn.resources.ui",1432715824579
deactivated,workbench,org.eclipse.ui.workbench,3.6.2.M20110210-1200,"",1432715827022
activated,workbench,org.eclipse.ui.workbench,3.6.2.M20110210-1200,"",1432715828127
deactivated,workbench,org.eclipse.ui.workbench,3.6.2.M20110210-1200,"",1432715828407
activated,workbench,org.eclipse.ui.workbench,3.6.2.M20110210-1200,"",1432715831207
deactivated,workbench,org.eclipse.ui.workbench,3.6.2.M20110210-1200,"",1432715831257
activated,workbench,org.eclipse.ui.workbench,3.6.2.M20110210-1200,"",1432715832759
executed,command,org.eclipse.wst.server.ui,1.1.207.v20110119,"org.eclipse.wst.server.launchShortcut.run",1432715832768
opened,editor,org.eclipse.ui.browser,3.3.1.r36_20101216,"org.eclipse.ui.browser.editor",1432715836501
activated,editor,org.eclipse.ui.browser,3.3.1.r36_20101216,"org.eclipse.ui.browser.editor",1432715836566
activated,editor,org.eclipse.jdt.ui,3.6.2.r362_v20110203,"org.eclipse.jdt.ui.CompilationUnitEditor",1432715840370
closed,editor,org.eclipse.ui.browser,3.3.1.r36_20101216,"org.eclipse.ui.browser.editor",1432715842379
activated,editor,org.eclipse.wst.xml.ui,1.1.103.v201101122108,"org.eclipse.wst.xml.ui.internal.tabletree.XMLMultiPageEditorPart",1432715844071
activated,view,org.eclipse.ui.navigator.resources,3.4.202.M20101124-0800,"org.eclipse.ui.navigator.ProjectExplorer",1432715853483
activated,editor,org.eclipse.wst.html.ui,1.0.504.v201101122108,"org.eclipse.wst.html.core.htmlsource.source",1432715856621
started,bundle,org.eclipse.jst.jsf.facelet.core,1.0.2.v201101042130,"org.eclipse.jst.jsf.facelet.core",1432715872534
deactivated,workbench,org.eclipse.ui.workbench,3.6.2.M20110210-1200,"",1432715888520
activated,workbench,org.eclipse.ui.workbench,3.6.2.M20110210-1200,"",1432715888677
activated,view,org.eclipse.ui.navigator.resources,3.4.202.M20101124-0800,"org.eclipse.ui.navigator.ProjectExplorer",1432716074535
